{"ref_lat": 31.261976298245617, "ref_lon": 34.80279455555555}