{"ref_lat": 31.261987143874645, "ref_lon": 34.80288500860636}